0.010000, 0.937696, 0.340806, 0.000000, 93.569893, 33.959201, 0.000000, -39.936936, -24.281319, 0.000000, 495.427608, 0.333990, 495.761598
0.020000, 1.871415, 0.679192, 0.000000, 93.174043, 33.718073, 0.000000, -39.584956, -24.112826, 0.000000, 490.915538, 0.665609, 491.581146
0.030000, 2.801194, 1.015176, 0.000000, 92.781667, 33.478607, 0.000000, -39.237584, -23.946543, 0.000000, 486.462747, 0.994872, 487.457620
0.040000, 3.727066, 1.348773, 0.000000, 92.392720, 33.240783, 0.000000, -38.894742, -23.782430, 0.000000, 482.068218, 1.321797, 483.390015
0.050000, 4.649065, 1.680000, 0.000000, 92.007156, 33.004579, 0.000000, -38.556351, -23.620450, 0.000000, 477.730952, 1.646400, 479.377352
0.060000, 5.567226, 2.008872, 0.000000, 91.624933, 32.769973, 0.000000, -38.222336, -23.460568, 0.000000, 473.449974, 1.968695, 475.418669
0.070000, 6.481580, 2.335407, 0.000000, 91.246007, 32.536946, 0.000000, -37.892621, -23.302747, 0.000000, 469.224329, 2.288699, 471.513028
0.080000, 7.392162, 2.659619, 0.000000, 90.870335, 32.305476, 0.000000, -37.567133, -23.146952, 0.000000, 465.053082, 2.606427, 467.659509
0.090000, 8.299003, 2.981524, 0.000000, 90.497877, 32.075544, 0.000000, -37.245801, -22.993149, 0.000000, 460.935319, 2.921894, 463.857213
0.100000, 9.202136, 3.301138, 0.000000, 90.128592, 31.847131, 0.000000, -36.928555, -22.841305, 0.000000, 456.870143, 3.235115, 460.105258
0.110000, 10.101591, 3.618474, 0.000000, 89.762439, 31.620218, 0.000000, -36.615326, -22.691387, 0.000000, 452.856678, 3.546105, 456.402782
0.120000, 10.997400, 3.933549, 0.000000, 89.399378, 31.394784, 0.000000, -36.306046, -22.543362, 0.000000, 448.894064, 3.854878, 452.748942
0.130000, 11.889594, 4.246377, 0.000000, 89.039372, 31.170812, 0.000000, -36.000651, -22.397200, 0.000000, 444.981461, 4.161450, 449.142911
0.140000, 12.778202, 4.556973, 0.000000, 88.682381, 30.948283, 0.000000, -35.699076, -22.252869, 0.000000, 441.118046, 4.465833, 445.583879
0.150000, 13.663256, 4.865350, 0.000000, 88.328368, 30.727180, 0.000000, -35.401257, -22.110340, 0.000000, 437.303012, 4.768043, 442.071055
0.160000, 14.544784, 5.171523, 0.000000, 87.977297, 30.507484, 0.000000, -35.107133, -21.969582, 0.000000, 433.535569, 5.068093, 438.603662
0.170000, 15.422817, 5.475507, 0.000000, 87.629131, 30.289178, 0.000000, -34.816644, -21.830567, 0.000000, 429.814943, 5.365997, 435.180939
0.180000, 16.297381, 5.777314, 0.000000, 87.283833, 30.072246, 0.000000, -34.529730, -21.693266, 0.000000, 426.140376, 5.661768, 431.802143
0.190000, 17.168507, 6.076958, 0.000000, 86.941370, 29.856669, 0.000000, -34.246333, -21.557652, 0.000000, 422.511125, 5.955419, 428.466544
0.200000, 18.036223, 6.374454, 0.000000, 86.601706, 29.642432, 0.000000, -33.966397, -21.423697, 0.000000, 418.926463, 6.246965, 425.173428
0.210000, 18.900555, 6.669814, 0.000000, 86.264807, 29.429518, 0.000000, -33.689865, -21.291376, 0.000000, 415.385677, 6.536417, 421.922094
0.220000, 19.761533, 6.963051, 0.000000, 85.930640, 29.217912, 0.000000, -33.416683, -21.160660, 0.000000, 411.888067, 6.823790, 418.711857
0.230000, 20.619182, 7.254178, 0.000000, 85.599173, 29.007597, 0.000000, -33.146798, -21.031526, 0.000000, 408.432950, 7.109095, 415.542044
0.240000, 21.473529, 7.543209, 0.000000, 85.270371, 28.798557, 0.000000, -32.880157, -20.903948, 0.000000, 405.019653, 7.392345, 412.411998
0.250000, 22.324602, 7.830156, 0.000000, 84.944204, 28.590778, 0.000000, -32.616708, -20.777901, 0.000000, 401.647518, 7.673553, 409.321071
0.260000, 23.172426, 8.115031, 0.000000, 84.620640, 28.384245, 0.000000, -32.356402, -20.653361, 0.000000, 398.315901, 7.952730, 406.268631
0.270000, 24.017028, 8.397847, 0.000000, 84.299648, 28.178941, 0.000000, -32.099189, -20.530304, 0.000000, 395.024169, 8.229890, 403.254059
0.280000, 24.858432, 8.678616, 0.000000, 83.981198, 27.974854, 0.000000, -31.845020, -20.408708, 0.000000, 391.771703, 8.505044, 400.276746
0.290000, 25.696664, 8.957350, 0.000000, 83.665259, 27.771969, 0.000000, -31.593848, -20.288550, 0.000000, 388.557893, 8.778203, 397.336096
0.300000, 26.531750, 9.234061, 0.000000, 83.351803, 27.570271, 0.000000, -31.345627, -20.169806, 0.000000, 385.382145, 9.049380, 394.431525
0.310000, 27.363713, 9.508761, 0.000000, 83.040800, 27.369746, 0.000000, -31.100310, -20.052456, 0.000000, 382.243873, 9.318586, 391.562459
0.320000, 28.192578, 9.781462, 0.000000, 82.732221, 27.170381, 0.000000, -30.857854, -19.936478, 0.000000, 379.142504, 9.585833, 388.728337
0.330000, 29.018369, 10.052175, 0.000000, 82.426039, 26.972163, 0.000000, -30.618214, -19.821851, 0.000000, 376.077476, 9.851131, 385.928607
0.340000, 29.841110, 10.320911, 0.000000, 82.122226, 26.775077, 0.000000, -30.381347, -19.708554, 0.000000, 373.048237, 10.114493, 383.162729
0.350000, 30.660825, 10.587682, 0.000000, 81.820754, 26.579112, 0.000000, -30.147211, -19.596567, 0.000000, 370.054246, 10.375928, 380.430174
0.360000, 31.477537, 10.852499, 0.000000, 81.521596, 26.384253, 0.000000, -29.915764, -19.485870, 0.000000, 367.094971, 10.635449, 377.730420
0.370000, 32.291269, 11.115372, 0.000000, 81.224726, 26.190489, 0.000000, -29.686966, -19.376444, 0.000000, 364.169893, 10.893065, 375.062958
0.380000, 33.102043, 11.376314, 0.000000, 80.930119, 25.997806, 0.000000, -29.460778, -19.268269, 0.000000, 361.278500, 11.148787, 372.427288
0.390000, 33.909882, 11.635334, 0.000000, 80.637747, 25.806193, 0.000000, -29.237159, -19.161327, 0.000000, 358.420291, 11.402627, 369.822918
0.400000, 34.714809, 11.892443, 0.000000, 80.347586, 25.615637, 0.000000, -29.016071, -19.055599, 0.000000, 355.594773, 11.654594, 367.249367
0.410000, 35.516845, 12.147652, 0.000000, 80.059612, 25.426126, 0.000000, -28.797477, -18.951067, 0.000000, 352.801464, 11.904699, 364.706163
0.420000, 36.316012, 12.400971, 0.000000, 79.773798, 25.237649, 0.000000, -28.581341, -18.847714, 0.000000, 350.039889, 12.152951, 362.192840
0.430000, 37.112332, 12.652410, 0.000000, 79.490122, 25.050194, 0.000000, -28.367624, -18.745522, 0.000000, 347.309584, 12.399362, 359.708945
0.440000, 37.905825, 12.901979, 0.000000, 79.208559, 24.863749, 0.000000, -28.156293, -18.644474, 0.000000, 344.610091, 12.643940, 357.254031
0.450000, 38.696513, 13.149690, 0.000000, 78.929086, 24.678303, 0.000000, -27.947311, -18.544553, 0.000000, 341.940962, 12.886696, 354.827658
0.460000, 39.484417, 13.395550, 0.000000, 78.651679, 24.493846, 0.000000, -27.740646, -18.445743, 0.000000, 339.301758, 13.127639, 352.429397
0.470000, 40.269557, 13.639572, 0.000000, 78.376317, 24.310366, 0.000000, -27.536262, -18.348027, 0.000000, 336.692045, 13.366780, 350.058825
0.480000, 41.051953, 13.881763, 0.000000, 78.102975, 24.127852, 0.000000, -27.334127, -18.251390, 0.000000, 334.111400, 13.604127, 347.715528
0.490000, 41.831627, 14.122133, 0.000000, 77.831633, 23.946294, 0.000000, -27.134208, -18.155816, 0.000000, 331.559407, 13.839691, 345.399097
0.500000, 42.608596, 14.360693, 0.000000, 77.562269, 23.765681, 0.000000, -26.936474, -18.061290, 0.000000, 329.035655, 14.073479, 343.109134
0.510000, 43.382882, 14.597452, 0.000000, 77.294860, 23.586003, 0.000000, -26.740893, -17.967797, 0.000000, 326.539743, 14.305503, 340.845246
0.520000, 44.154503, 14.832418, 0.000000, 77.029385, 23.407250, 0.000000, -26.547435, -17.875321, 0.000000, 324.071277, 14.535770, 338.607046
0.530000, 44.923479, 15.065601, 0.000000, 76.765825, 23.229411, 0.000000, -26.356069, -17.783849, 0.000000, 321.629869, 14.764289, 336.394158
0.540000, 45.689829, 15.297011, 0.000000, 76.504157, 23.052477, 0.000000, -26.166765, -17.693365, 0.000000, 319.215138, 14.991070, 334.206208
0.550000, 46.453571, 15.526655, 0.000000, 76.244362, 22.876439, 0.000000, -25.979495, -17.603857, 0.000000, 316.826710, 15.216122, 332.042832
0.560000, 47.214725, 15.754544, 0.000000, 75.986420, 22.701286, 0.000000, -25.794229, -17.515311, 0.000000, 314.464218, 15.439453, 329.903671
0.570000, 47.973309, 15.980685, 0.000000, 75.730310, 22.527009, 0.000000, -25.610941, -17.427712, 0.000000, 312.127301, 15.661072, 327.788373
0.580000, 48.729341, 16.205088, 0.000000, 75.476014, 22.353598, 0.000000, -25.429601, -17.341047, 0.000000, 309.815605, 15.880987, 325.696591
0.590000, 49.482838, 16.427762, 0.000000, 75.223513, 22.181045, 0.000000, -25.250183, -17.255304, 0.000000, 307.528780, 16.099206, 323.627986
0.600000, 50.233820, 16.648714, 0.000000, 74.972786, 22.009340, 0.000000, -25.072660, -17.170470, 0.000000, 305.266485, 16.315739, 321.582224
0.610000, 50.982303, 16.867953, 0.000000, 74.723816, 21.838475, 0.000000, -24.897007, -17.086532, 0.000000, 303.028382, 16.530594, 319.558976
0.620000, 51.728305, 17.085487, 0.000000, 74.476584, 21.668440, 0.000000, -24.723197, -17.003478, 0.000000, 300.814143, 16.743777, 317.557920
0.630000, 52.471843, 17.301326, 0.000000, 74.231072, 21.499227, 0.000000, -24.551204, -16.921294, 0.000000, 298.623440, 16.955299, 315.578739
0.640000, 53.212935, 17.515476, 0.000000, 73.987262, 21.330828, 0.000000, -24.381005, -16.839971, 0.000000, 296.455956, 17.165166, 313.621122
0.650000, 53.951597, 17.727946, 0.000000, 73.745136, 21.163233, 0.000000, -24.212575, -16.759495, 0.000000, 294.311375, 17.373387, 311.684763
0.660000, 54.687846, 17.938744, 0.000000, 73.504677, 20.996434, 0.000000, -24.045889, -16.679855, 0.000000, 292.189391, 17.579970, 309.769360
0.670000, 55.421698, 18.147879, 0.000000, 73.265868, 20.830424, 0.000000, -23.880924, -16.601040, 0.000000, 290.089698, 17.784921, 307.874619
0.680000, 56.153171, 18.355357, 0.000000, 73.028691, 20.665193, 0.000000, -23.717657, -16.523039, 0.000000, 288.011999, 17.988250, 306.000248
0.690000, 56.882280, 18.561186, 0.000000, 72.793131, 20.500735, 0.000000, -23.556065, -16.445840, 0.000000, 285.956001, 18.189963, 304.145963
0.700000, 57.609042, 18.765375, 0.000000, 72.559169, 20.337041, 0.000000, -23.396125, -16.369433, 0.000000, 283.921415, 18.390068, 302.311482
0.710000, 58.333472, 18.967931, 0.000000, 72.326791, 20.174102, 0.000000, -23.237816, -16.293808, 0.000000, 281.907958, 18.588572, 300.496530
0.720000, 59.055586, 19.168861, 0.000000, 72.095980, 20.011913, 0.000000, -23.081115, -16.218953, 0.000000, 279.915351, 18.785484, 298.700835
0.730000, 59.775399, 19.368173, 0.000000, 71.866720, 19.850464, 0.000000, -22.926003, -16.144858, 0.000000, 277.943320, 18.980810, 296.924129
0.740000, 60.492928, 19.565874, 0.000000, 71.638996, 19.689749, 0.000000, -22.772456, -16.071514, 0.000000, 275.991596, 19.174557, 295.166152
0.750000, 61.208187, 19.761972, 0.000000, 71.412791, 19.529760, 0.000000, -22.620455, -15.998910, 0.000000, 274.059913, 19.366732, 293.426645
0.760000, 61.921191, 19.956473, 0.000000, 71.188091, 19.370490, 0.000000, -22.469980, -15.927036, 0.000000, 272.148010, 19.557343, 291.705354
0.770000, 62.631956, 20.149385, 0.000000, 70.964881, 19.211931, 0.000000, -22.321011, -15.855884, 0.000000, 270.255632, 19.746397, 290.002029
0.780000, 63.340496, 20.340715, 0.000000, 70.743146, 19.054077, 0.000000, -22.173527, -15.785443, 0.000000, 268.382526, 19.933901, 288.316426
0.790000, 64.046826, 20.530470, 0.000000, 70.522871, 18.896919, 0.000000, -22.027510, -15.715704, 0.000000, 266.528443, 20.119861, 286.648304
0.800000, 64.750961, 20.718657, 0.000000, 70.304041, 18.740453, 0.000000, -21.882941, -15.646658, 0.000000, 264.693140, 20.304284, 284.997424
0.810000, 65.452914, 20.905282, 0.000000, 70.086643, 18.584670, 0.000000, -21.739801, -15.578296, 0.000000, 262.876376, 20.487177, 283.363553
0.820000, 66.152701, 21.090354, 0.000000, 69.870663, 18.429564, 0.000000, -21.598071, -15.510610, 0.000000, 261.077916, 20.668547, 281.746462
0.830000, 66.850334, 21.273877, 0.000000, 69.656085, 18.275128, 0.000000, -21.457734, -15.443589, 0.000000, 259.297526, 20.848400, 280.145925
0.840000, 67.545829, 21.455860, 0.000000, 69.442898, 18.121356, 0.000000, -21.318772, -15.377227, 0.000000, 257.534977, 21.026742, 278.561720
0.850000, 68.239199, 21.636307, 0.000000, 69.231086, 17.968241, 0.000000, -21.181166, -15.311513, 0.000000, 255.790046, 21.203581, 276.993627
0.860000, 68.930458, 21.815228, 0.000000, 69.020637, 17.815776, 0.000000, -21.044901, -15.246441, 0.000000, 254.062510, 21.378923, 275.441433
0.870000, 69.619619, 21.992626, 0.000000, 68.811537, 17.663956, 0.000000, -20.909959, -15.182001, 0.000000, 252.352150, 21.552774, 273.904924
0.880000, 70.306695, 22.168510, 0.000000, 68.603774, 17.512774, 0.000000, -20.776323, -15.118187, 0.000000, 250.658754, 21.725140, 272.383893
0.890000, 70.991701, 22.342885, 0.000000, 68.397334, 17.362224, 0.000000, -20.643977, -15.054989, 0.000000, 248.982108, 21.896027, 270.878136
0.900000, 71.674648, 22.515757, 0.000000, 68.192205, 17.212300, 0.000000, -20.512905, -14.992400, 0.000000, 247.322007, 22.065442, 269.387449
0.910000, 72.355551, 22.687134, 0.000000, 67.988374, 17.062996, 0.000000, -20.383091, -14.930412, 0.000000, 245.678244, 22.233391, 267.911635
0.920000, 73.034422, 22.857020, 0.000000, 67.785829, 16.914306, 0.000000, -20.254519, -14.869018, 0.000000, 244.050619, 22.399880, 266.450499
0.930000, 73.711274, 23.025423, 0.000000, 67.584557, 16.766224, 0.000000, -20.127174, -14.808210, 0.000000, 242.438933, 22.564915, 265.003848
0.940000, 74.386120, 23.192348, 0.000000, 67.384547, 16.618744, 0.000000, -20.001040, -14.747981, 0.000000, 240.842991, 22.728501, 263.571492
0.950000, 75.058971, 23.357801, 0.000000, 67.185786, 16.471861, 0.000000, -19.876103, -14.688324, 0.000000, 239.262602, 22.890645, 262.153247
0.960000, 75.729842, 23.521788, 0.000000, 66.988262, 16.325569, 0.000000, -19.752349, -14.629231, 0.000000, 237.697575, 23.051352, 260.748927
0.970000, 76.398743, 23.684315, 0.000000, 66.791965, 16.179862, 0.000000, -19.629761, -14.570696, 0.000000, 236.147724, 23.210629, 259.358353
0.980000, 77.065687, 23.845388, 0.000000, 66.596882, 16.034735, 0.000000, -19.508327, -14.512712, 0.000000, 234.612867, 23.368481, 257.981348
0.990000, 77.730686, 24.005013, 0.000000, 66.403001, 15.890182, 0.000000, -19.388032, -14.455271, 0.000000, 233.092823, 23.524913, 256.617735
1.000000, 78.393753, 24.163195, 0.000000, 66.210313, 15.746198, 0.000000, -19.268863, -14.398368, 0.000000, 231.587413, 23.679931, 255.267343
1.010000, 79.054899, 24.319940, 0.000000, 66.018805, 15.602778, 0.000000, -19.150805, -14.341995, 0.000000, 230.096462, 23.833541, 253.930003
1.020000, 79.714135, 24.475253, 0.000000, 65.828466, 15.459917, 0.000000, -19.033846, -14.286146, 0.000000, 228.619799, 23.985748, 252.605547
1.030000, 80.371474, 24.629141, 0.000000, 65.639286, 15.317609, 0.000000, -18.917972, -14.230815, 0.000000, 227.157252, 24.136558, 251.293810
1.040000, 81.026926, 24.781608, 0.000000, 65.451255, 15.175849, 0.000000, -18.803170, -14.175995, 0.000000, 225.708656, 24.285976, 249.994632
1.050000, 81.680505, 24.932660, 0.000000, 65.264360, 15.034632, 0.000000, -18.689428, -14.121681, 0.000000, 224.273845, 24.434007, 248.707852
1.060000, 82.332219, 25.082303, 0.000000, 65.078593, 14.893953, 0.000000, -18.576733, -14.067865, 0.000000, 222.852656, 24.580657, 247.433313
1.070000, 82.982082, 25.230542, 0.000000, 64.893942, 14.753808, 0.000000, -18.465071, -14.014542, 0.000000, 221.444930, 24.725931, 246.170861
1.080000, 83.630104, 25.377382, 0.000000, 64.710398, 14.614191, 0.000000, -18.354432, -13.961707, 0.000000, 220.050509, 24.869835, 244.920344
1.090000, 84.276295, 25.522829, 0.000000, 64.527950, 14.475097, 0.000000, -18.244803, -13.909352, 0.000000, 218.669238, 25.012372, 243.681610
1.100000, 84.920668, 25.666887, 0.000000, 64.346588, 14.336522, 0.000000, -18.136173, -13.857473, 0.000000, 217.300965, 25.153549, 242.454514
1.110000, 85.563233, 25.809562, 0.000000, 64.166303, 14.198462, 0.000000, -18.028528, -13.806064, 0.000000, 215.945538, 25.293370, 241.238908
1.120000, 86.204000, 25.950858, 0.000000, 63.987084, 14.060911, 0.000000, -17.921859, -13.755118, 0.000000, 214.602809, 25.431841, 240.034650
1.130000, 86.842980, 26.090782, 0.000000, 63.808923, 13.923864, 0.000000, -17.816154, -13.704632, 0.000000, 213.272632, 25.568967, 238.841598
1.140000, 87.480183, 26.229338, 0.000000, 63.631809, 13.787318, 0.000000, -17.711401, -13.654598, 0.000000, 211.954862, 25.704752, 237.659614
1.150000, 88.115621, 26.366531, 0.000000, 63.455733, 13.651268, 0.000000, -17.607589, -13.605013, 0.000000, 210.649358, 25.839201, 236.488559
1.160000, 88.749303, 26.502366, 0.000000, 63.280686, 13.515709, 0.000000, -17.504708, -13.555870, 0.000000, 209.355980, 25.972319, 235.328299
1.170000, 89.381240, 26.636848, 0.000000, 63.106658, 13.380638, 0.000000, -17.402746, -13.507164, 0.000000, 208.074590, 26.104111, 234.178701
1.180000, 90.011441, 26.769981, 0.000000, 62.933641, 13.246049, 0.000000, -17.301694, -13.458890, 0.000000, 206.805052, 26.234582, 233.039634
1.190000, 90.639918, 26.901771, 0.000000, 62.761626, 13.111939, 0.000000, -17.201541, -13.411044, 0.000000, 205.547232, 26.363736, 231.910968
1.200000, 91.266679, 27.032222, 0.000000, 62.590603, 12.978302, 0.000000, -17.102277, -13.363619, 0.000000, 204.300998, 26.491578, 230.792576
1.210000, 91.891735, 27.161340, 0.000000, 62.420564, 12.845136, 0.000000, -17.003891, -13.316612, 0.000000, 203.066219, 26.618113, 229.684332
1.220000, 92.515095, 27.289127, 0.000000, 62.251501, 12.712436, 0.000000, -16.906374, -13.270017, 0.000000, 201.842768, 26.743345, 228.586113
1.230000, 93.136769, 27.415591, 0.000000, 62.083404, 12.580198, 0.000000, -16.809715, -13.223830, 0.000000, 200.630518, 26.867279, 227.497797
1.240000, 93.756768, 27.540734, 0.000000, 61.916264, 12.448417, 0.000000, -16.713906, -13.178045, 0.000000, 199.429345, 26.989919, 226.419264
1.250000, 94.375099, 27.664561, 0.000000, 61.750075, 12.317091, 0.000000, -16.618936, -13.132658, 0.000000, 198.239125, 27.111270, 225.350395
1.260000, 94.991774, 27.787078, 0.000000, 61.584827, 12.186214, 0.000000, -16.524796, -13.087666, 0.000000, 197.059737, 27.231336, 224.291073
1.270000, 95.606801, 27.908288, 0.000000, 61.420512, 12.055783, 0.000000, -16.431477, -13.043062, 0.000000, 195.891063, 27.350122, 223.241185
1.280000, 96.220189, 28.028196, 0.000000, 61.257123, 11.925795, 0.000000, -16.338970, -12.998843, 0.000000, 194.732983, 27.467632, 222.200615
1.290000, 96.831948, 28.146806, 0.000000, 61.094650, 11.796245, 0.000000, -16.247266, -12.955003, 0.000000, 193.585383, 27.583870, 221.169252
1.300000, 97.442086, 28.264123, 0.000000, 60.933086, 11.667130, 0.000000, -16.156355, -12.911540, 0.000000, 192.448147, 27.698840, 220.146987
1.310000, 98.050614, 28.380151, 0.000000, 60.772424, 11.538445, 0.000000, -16.066230, -12.868449, 0.000000, 191.321163, 27.812548, 219.133710
1.320000, 98.657539, 28.494894, 0.000000, 60.612655, 11.410188, 0.000000, -15.976881, -12.825724, 0.000000, 190.204319, 27.924996, 218.129315
1.330000, 99.262871, 28.608356, 0.000000, 60.453772, 11.282354, 0.000000, -15.888300, -12.783363, 0.000000, 189.097505, 28.036189, 217.133695
1.340000, 99.866619, 28.720543, 0.000000, 60.295768, 11.154941, 0.000000, -15.800478, -12.741361, 0.000000, 188.000614, 28.146132, 216.146746
1.350000, 100.468791, 28.831457, 0.000000, 60.138633, 11.027943, 0.000000, -15.713408, -12.699714, 0.000000, 186.913539, 28.254828, 215.168367
1.360000, 101.069396, 28.941104, 0.000000, 59.982363, 10.901359, 0.000000, -15.627081, -12.658418, 0.000000, 185.836173, 28.362282, 214.198455
1.370000, 101.668443, 29.049487, 0.000000, 59.826948, 10.775185, 0.000000, -15.541489, -12.617469, 0.000000, 184.768414, 28.468497, 213.236911
1.380000, 102.265939, 29.156610, 0.000000, 59.672382, 10.649416, 0.000000, -15.456624, -12.576863, 0.000000, 183.710159, 28.573477, 212.283636
1.390000, 102.861895, 29.262477, 0.000000, 59.518657, 10.524050, 0.000000, -15.372478, -12.536596, 0.000000, 182.661307, 28.677227, 211.338534
1.400000, 103.456317, 29.367093, 0.000000, 59.365766, 10.399083, 0.000000, -15.289044, -12.496665, 0.000000, 181.621757, 28.779751, 210.401508
1.410000, 104.049214, 29.470461, 0.000000, 59.213703, 10.274513, 0.000000, -15.206314, -12.457066, 0.000000, 180.591413, 28.881051, 209.472464
1.420000, 104.640595, 29.572585, 0.000000, 59.062460, 10.150335, 0.000000, -15.124280, -12.417795, 0.000000, 179.570176, 28.981133, 208.551309
1.430000, 105.230467, 29.673469, 0.000000, 58.912031, 10.026546, 0.000000, -15.042935, -12.378848, 0.000000, 178.557952, 29.080000, 207.637951
1.440000, 105.818839, 29.773118, 0.000000, 58.762408, 9.903144, 0.000000, -14.962271, -12.340222, 0.000000, 177.554645, 29.177655, 206.732300
1.450000, 106.405719, 29.871534, 0.000000, 58.613586, 9.780125, 0.000000, -14.882282, -12.301913, 0.000000, 176.560163, 29.274103, 205.834266
1.460000, 106.991115, 29.968722, 0.000000, 58.465556, 9.657486, 0.000000, -14.802960, -12.263918, 0.000000, 175.574413, 29.369348, 204.943761
1.470000, 107.575034, 30.064686, 0.000000, 58.318313, 9.535223, 0.000000, -14.724299, -12.226234, 0.000000, 174.597305, 29.463392, 204.060697
1.480000, 108.157485, 30.159428, 0.000000, 58.171850, 9.413335, 0.000000, -14.646291, -12.188856, 0.000000, 173.628750, 29.556240, 203.184990
1.490000, 108.738475, 30.252954, 0.000000, 58.026161, 9.291817, 0.000000, -14.568929, -12.151782, 0.000000, 172.668660, 29.647895, 202.316555
1.500000, 109.318012, 30.345267, 0.000000, 57.881239, 9.170667, 0.000000, -14.492207, -12.115008, 0.000000, 171.716946, 29.738361, 201.455307
1.510000, 109.896104, 30.436369, 0.000000, 57.737077, 9.049882, 0.000000, -14.416118, -12.078531, 0.000000, 170.773524, 29.827642, 200.601166
1.520000, 110.472758, 30.526266, 0.000000, 57.593671, 8.929458, 0.000000, -14.340655, -12.042348, 0.000000, 169.838308, 29.915741, 199.754048
1.530000, 111.047981, 30.614960, 0.000000, 57.451013, 8.809394, 0.000000, -14.265813, -12.006455, 0.000000, 168.911214, 30.002661, 198.913875
1.540000, 111.621782, 30.702456, 0.000000, 57.309097, 8.689685, 0.000000, -14.191584, -11.970850, 0.000000, 167.992161, 30.088407, 198.080568
1.550000, 112.194167, 30.788756, 0.000000, 57.167917, 8.570330, 0.000000, -14.117962, -11.935529, 0.000000, 167.081066, 30.172981, 197.254047
1.560000, 112.765144, 30.873864, 0.000000, 57.027468, 8.451325, 0.000000, -14.044941, -11.900489, 0.000000, 166.177850, 30.256387, 196.434236
1.570000, 113.334720, 30.957784, 0.000000, 56.887743, 8.332668, 0.000000, -13.972515, -11.865727, 0.000000, 165.282431, 30.338628, 195.621060
1.580000, 113.902902, 31.040519, 0.000000, 56.748736, 8.214355, 0.000000, -13.900678, -11.831240, 0.000000, 164.394734, 30.419709, 194.814442
1.590000, 114.469698, 31.122073, 0.000000, 56.610442, 8.096385, 0.000000, -13.829423, -11.797025, 0.000000, 163.514678, 30.499631, 194.014310
1.600000, 115.035114, 31.202448, 0.000000, 56.472854, 7.978754, 0.000000, -13.758746, -11.763079, 0.000000, 162.642190, 30.578400, 193.220589
1.610000, 115.599159, 31.281650, 0.000000, 56.335968, 7.861460, 0.000000, -13.688639, -11.729400, 0.000000, 161.777192, 30.656017, 192.433209
1.620000, 116.161837, 31.359679, 0.000000, 56.199777, 7.744500, 0.000000, -13.619098, -11.695984, 0.000000, 160.919611, 30.732486, 191.652097
1.630000, 116.723158, 31.436541, 0.000000, 56.064276, 7.627872, 0.000000, -13.550116, -11.662829, 0.000000, 160.069373, 30.807810, 190.877183
1.640000, 117.283126, 31.512238, 0.000000, 55.929459, 7.511573, 0.000000, -13.481688, -11.629932, 0.000000, 159.226405, 30.881994, 190.108399
1.650000, 117.841750, 31.586774, 0.000000, 55.795321, 7.395600, 0.000000, -13.413808, -11.597289, 0.000000, 158.390636, 30.955039, 189.345675
1.660000, 118.399036, 31.660152, 0.000000, 55.661856, 7.279951, 0.000000, -13.346471, -11.564900, 0.000000, 157.561996, 31.026949, 188.588945
1.670000, 118.954991, 31.732375, 0.000000, 55.529059, 7.164623, 0.000000, -13.279672, -11.532759, 0.000000, 156.740413, 31.097727, 187.838141
1.680000, 119.509621, 31.803446, 0.000000, 55.396925, 7.049615, 0.000000, -13.213405, -11.500866, 0.000000, 155.925820, 31.167377, 187.093197
1.690000, 120.062932, 31.873369, 0.000000, 55.265449, 6.934922, 0.000000, -13.147664, -11.469217, 0.000000, 155.118149, 31.235901, 186.354050
1.700000, 120.614933, 31.942146, 0.000000, 55.134624, 6.820544, 0.000000, -13.082446, -11.437810, 0.000000, 154.317331, 31.303303, 185.620634
1.710000, 121.165628, 32.009781, 0.000000, 55.004447, 6.706478, 0.000000, -13.017743, -11.406642, 0.000000, 153.523301, 31.369586, 184.892886
1.720000, 121.715025, 32.076277, 0.000000, 54.874911, 6.592721, 0.000000, -12.953552, -11.375711, 0.000000, 152.735993, 31.434752, 184.170745
1.730000, 122.263130, 32.141637, 0.000000, 54.746013, 6.479271, 0.000000, -12.889868, -11.345014, 0.000000, 151.955342, 31.498804, 183.454147
1.740000, 122.809948, 32.205864, 0.000000, 54.617746, 6.366125, 0.000000, -12.826684, -11.314549, 0.000000, 151.181285, 31.561747, 182.743032
1.750000, 123.355488, 32.268961, 0.000000, 54.490106, 6.253282, 0.000000, -12.763998, -11.284314, 0.000000, 150.413758, 31.623582, 182.037340
1.760000, 123.899754, 32.330931, 0.000000, 54.363088, 6.140739, 0.000000, -12.701803, -11.254305, 0.000000, 149.652699, 31.684313, 181.337012
1.770000, 124.442752, 32.391777, 0.000000, 54.236687, 6.028494, 0.000000, -12.640095, -11.224520, 0.000000, 148.898047, 31.743942, 180.641989
1.780000, 124.984490, 32.451503, 0.000000, 54.110898, 5.916544, 0.000000, -12.578869, -11.194958, 0.000000, 148.149740, 31.802473, 179.952212
1.790000, 125.524973, 32.510110, 0.000000, 53.985717, 5.804888, 0.000000, -12.518120, -11.165616, 0.000000, 147.407718, 31.859908, 179.267626
1.800000, 126.064208, 32.567602, 0.000000, 53.861139, 5.693523, 0.000000, -12.457845, -11.136491, 0.000000, 146.671922, 31.916250, 178.588172
1.810000, 126.602199, 32.623982, 0.000000, 53.737158, 5.582447, 0.000000, -12.398038, -11.107581, 0.000000, 145.942294, 31.971502, 177.913796
1.820000, 127.138954, 32.679252, 0.000000, 53.613771, 5.471658, 0.000000, -12.338694, -11.078885, 0.000000, 145.218775, 32.025667, 177.244443
1.830000, 127.674478, 32.733416, 0.000000, 53.490973, 5.361154, 0.000000, -12.279811, -11.050399, 0.000000, 144.501309, 32.078748, 176.580057
1.840000, 128.208776, 32.786477, 0.000000, 53.368759, 5.250933, 0.000000, -12.221382, -11.022122, 0.000000, 143.789838, 32.130747, 175.920585
1.850000, 128.741856, 32.838436, 0.000000, 53.247125, 5.140993, 0.000000, -12.163404, -10.994052, 0.000000, 143.084308, 32.181668, 175.265975
1.860000, 129.273722, 32.889298, 0.000000, 53.126066, 5.031331, 0.000000, -12.105873, -10.966185, 0.000000, 142.384662, 32.231512, 174.616174
1.870000, 129.804380, 32.939064, 0.000000, 53.005579, 4.921946, 0.000000, -12.048783, -10.938521, 0.000000, 141.690846, 32.280283, 173.971129
1.880000, 130.333836, 32.987738, 0.000000, 52.885657, 4.812835, 0.000000, -11.992132, -10.911057, 0.000000, 141.002807, 32.327984, 173.330790
1.890000, 130.862096, 33.035322, 0.000000, 52.766298, 4.703997, 0.000000, -11.935915, -10.883791, 0.000000, 140.320491, 32.374616, 172.695107
1.900000, 131.389165, 33.081820, 0.000000, 52.647497, 4.595430, 0.000000, -11.880128, -10.856721, 0.000000, 139.643845, 32.420183, 172.064029
1.910000, 131.915048, 33.127232, 0.000000, 52.529249, 4.487132, 0.000000, -11.824766, -10.829845, 0.000000, 138.972819, 32.464688, 171.437507
1.920000, 132.439752, 33.171564, 0.000000, 52.411551, 4.379100, 0.000000, -11.769826, -10.803161, 0.000000, 138.307360, 32.508132, 170.815492
1.930000, 132.963282, 33.214816, 0.000000, 52.294398, 4.271333, 0.000000, -11.715305, -10.776667, 0.000000, 137.647417, 32.550519, 170.197937
1.940000, 133.485643, 33.256992, 0.000000, 52.177786, 4.163830, 0.000000, -11.661197, -10.750360, 0.000000, 136.992941, 32.591852, 169.584793
1.950000, 134.006841, 33.298094, 0.000000, 52.061711, 4.056587, 0.000000, -11.607499, -10.724240, 0.000000, 136.343883, 32.632132, 168.976014
1.960000, 134.526880, 33.338125, 0.000000, 51.946169, 3.949604, 0.000000, -11.554208, -10.698304, 0.000000, 135.700192, 32.671362, 168.371554
1.970000, 135.045767, 33.377087, 0.000000, 51.831156, 3.842879, 0.000000, -11.501320, -10.672551, 0.000000, 135.061821, 32.709545, 167.771366
1.980000, 135.563506, 33.414983, 0.000000, 51.716667, 3.736409, 0.000000, -11.448830, -10.646977, 0.000000, 134.428722, 32.746684, 167.175406
1.990000, 136.080103, 33.451816, 0.000000, 51.602700, 3.630193, 0.000000, -11.396736, -10.621583, 0.000000, 133.800848, 32.782780, 166.583628
2.000000, 136.595562, 33.487589, 0.000000, 51.489250, 3.524229, 0.000000, -11.345034, -10.596365, 0.000000, 133.178151, 32.817837, 165.995988
2.010000, 137.109890, 33.522302, 0.000000, 51.376313, 3.418516, 0.000000, -11.293719, -10.571321, 0.000000, 132.560587, 32.851856, 165.412443
2.020000, 137.623091, 33.555960, 0.000000, 51.263885, 3.313052, 0.000000, -11.242789, -10.546451, 0.000000, 131.948109, 32.884841, 164.832950
2.030000, 138.135170, 33.588565, 0.000000, 51.151962, 3.207834, 0.000000, -11.192240, -10.521753, 0.000000, 131.340672, 32.916793, 164.257465
2.040000, 138.646133, 33.620118, 0.000000, 51.040542, 3.102862, 0.000000, -11.142069, -10.497224, 0.000000, 130.738232, 32.947716, 163.685947
2.050000, 139.155984, 33.650623, 0.000000, 50.929619, 2.998133, 0.000000, -11.092272, -10.472862, 0.000000, 130.140744, 32.977611, 163.118354
2.060000, 139.664728, 33.680082, 0.000000, 50.819190, 2.893647, 0.000000, -11.042845, -10.448667, 0.000000, 129.548165, 33.006480, 162.554645
2.070000, 140.172370, 33.708497, 0.000000, 50.709252, 2.789400, 0.000000, -10.993787, -10.424637, 0.000000, 128.960452, 33.034327, 161.994779
2.080000, 140.678915, 33.735871, 0.000000, 50.599802, 2.685393, 0.000000, -10.945092, -10.400769, 0.000000, 128.377563, 33.061154, 161.438716
2.090000, 141.184368, 33.762206, 0.000000, 50.490834, 2.581622, 0.000000, -10.896758, -10.377062, 0.000000, 127.799454, 33.086962, 160.886416
2.100000, 141.688734, 33.787505, 0.000000, 50.382346, 2.478087, 0.000000, -10.848782, -10.353515, 0.000000, 127.226086, 33.111755, 160.337841
2.110000, 142.192018, 33.811769, 0.000000, 50.274335, 2.374786, 0.000000, -10.801160, -10.330126, 0.000000, 126.657416, 33.135534, 159.792950
2.120000, 142.694223, 33.835002, 0.000000, 50.166796, 2.271717, 0.000000, -10.753890, -10.306892, 0.000000, 126.093404, 33.158302, 159.251706
2.130000, 143.195356, 33.857205, 0.000000, 50.059726, 2.168878, 0.000000, -10.706967, -10.283814, 0.000000, 125.534010, 33.180060, 158.714071
2.140000, 143.695420, 33.878380, 0.000000, 49.953122, 2.066270, 0.000000, -10.660390, -10.260888, 0.000000, 124.979194, 33.200813, 158.180007
2.150000, 144.194421, 33.898531, 0.000000, 49.846981, 1.963888, 0.000000, -10.614155, -10.238114, 0.000000, 124.428916, 33.220560, 157.649477
2.160000, 144.692362, 33.917659, 0.000000, 49.741298, 1.861734, 0.000000, -10.568259, -10.215490, 0.000000, 123.883139, 33.239306, 157.122445
2.170000, 145.189249, 33.935767, 0.000000, 49.636071, 1.759803, 0.000000, -10.522699, -10.193015, 0.000000, 123.341822, 33.257052, 156.598874
2.180000, 145.685086, 33.952856, 0.000000, 49.531296, 1.658097, 0.000000, -10.477472, -10.170686, 0.000000, 122.804930, 33.273799, 156.078729
2.190000, 146.179877, 33.968930, 0.000000, 49.426971, 1.556612, 0.000000, -10.432575, -10.148503, 0.000000, 122.272423, 33.289551, 155.561974
2.200000, 146.673627, 33.983990, 0.000000, 49.323090, 1.455347, 0.000000, -10.388006, -10.126464, 0.000000, 121.744264, 33.304310, 155.048574
2.210000, 147.166341, 33.998038, 0.000000, 49.219653, 1.354301, 0.000000, -10.343761, -10.104568, 0.000000, 121.220418, 33.318077, 154.538495
2.220000, 147.658023, 34.011077, 0.000000, 49.116654, 1.253473, 0.000000, -10.299837, -10.082812, 0.000000, 120.700847, 33.330855, 154.031702
2.230000, 148.148676, 34.023109, 0.000000, 49.014092, 1.152861, 0.000000, -10.256233, -10.061196, 0.000000, 120.185516, 33.342646, 153.528162
2.240000, 148.638307, 34.034135, 0.000000, 48.911963, 1.052464, 0.000000, -10.212944, -10.039719, 0.000000, 119.674389, 33.353452, 153.027841
2.250000, 149.126918, 34.044159, 0.000000, 48.810263, 0.952280, 0.000000, -10.169969, -10.018378, 0.000000, 119.167431, 33.363276, 152.530706
2.260000, 149.614514, 34.053182, 0.000000, 48.708990, 0.852308, 0.000000, -10.127304, -9.997172, 0.000000, 118.664607, 33.372118, 152.036725
2.270000, 150.101100, 34.061206, 0.000000, 48.608140, 0.752547, 0.000000, -10.084948, -9.976101, 0.000000, 118.165882, 33.379982, 151.545864
2.280000, 150.586679, 34.068234, 0.000000, 48.507712, 0.652996, 0.000000, -10.042896, -9.955162, 0.000000, 117.671224, 33.386869, 151.058093
2.290000, 151.071256, 34.074267, 0.000000, 48.407700, 0.553652, 0.000000, -10.001148, -9.934355, 0.000000, 117.180598, 33.392782, 150.573379
2.300000, 151.554835, 34.079308, 0.000000, 48.308103, 0.454515, 0.000000, -9.959699, -9.913677, 0.000000, 116.693970, 33.397722, 150.091692
2.310000, 152.037420, 34.083358, 0.000000, 48.208918, 0.355584, 0.000000, -9.918548, -9.893129, 0.000000, 116.211309, 33.401691, 149.613000
2.320000, 152.519015, 34.086421, 0.000000, 48.110141, 0.256857, 0.000000, -9.877693, -9.872708, 0.000000, 115.732580, 33.404692, 149.137273
2.330000, 152.999625, 34.088497, 0.000000, 48.011769, 0.158333, 0.000000, -9.837129, -9.852412, 0.000000, 115.257753, 33.406727, 148.664480
2.340000, 153.479253, 34.089588, 0.000000, 47.913801, 0.060011, 0.000000, -9.796856, -9.832242, 0.000000, 114.786795, 33.407797, 148.194592
2.350000, 153.957903, 34.089698, 0.000000, 47.816232, -0.038111, 0.000000, -9.756870, -9.812195, 0.000000, 114.319675, 33.407904, 147.727579
2.360000, 154.435579, 34.088827, 0.000000, 47.719060, -0.136034, 0.000000, -9.717169, -9.792271, 0.000000, 113.856362, 33.407050, 147.263412
2.370000, 154.912286, 34.086978, 0.000000, 47.622283, -0.233759, 0.000000, -9.677751, -9.772467, 0.000000, 113.396824, 33.405239, 146.802062
2.380000, 155.388027, 34.084153, 0.000000, 47.525897, -0.331287, 0.000000, -9.638614, -9.752784, 0.000000, 112.941031, 33.402470, 146.343500
2.390000, 155.862806, 34.080353, 0.000000, 47.429899, -0.428619, 0.000000, -9.599754, -9.733219, 0.000000, 112.488953, 33.398746, 145.887699
2.400000, 156.336627, 34.075581, 0.000000, 47.334287, -0.525756, 0.000000, -9.561171, -9.713771, 0.000000, 112.040560, 33.394070, 145.434629
2.410000, 156.809494, 34.069839, 0.000000, 47.239059, -0.622701, 0.000000, -9.522860, -9.694439, 0.000000, 111.595822, 33.388442, 144.984264
2.420000, 157.281410, 34.063128, 0.000000, 47.144211, -0.719453, 0.000000, -9.484821, -9.675223, 0.000000, 111.154711, 33.381866, 144.536577
2.430000, 157.752380, 34.055451, 0.000000, 47.049740, -0.816014, 0.000000, -9.447050, -9.656120, 0.000000, 110.717197, 33.374342, 144.091539
2.440000, 158.222407, 34.046809, 0.000000, 46.955645, -0.912386, 0.000000, -9.409547, -9.637130, 0.000000, 110.283251, 33.365873, 143.649124
2.450000, 158.691495, 34.037204, 0.000000, 46.861922, -1.008568, 0.000000, -9.372307, -9.618252, 0.000000, 109.852845, 33.356460, 143.209306
2.460000, 159.159647, 34.026639, 0.000000, 46.768568, -1.104563, 0.000000, -9.335330, -9.599484, 0.000000, 109.425952, 33.346106, 142.772058
2.470000, 159.626868, 34.015114, 0.000000, 46.675582, -1.200371, 0.000000, -9.298613, -9.580825, 0.000000, 109.002543, 33.334812, 142.337355
2.480000, 160.093161, 34.002632, 0.000000, 46.582961, -1.295994, 0.000000, -9.262154, -9.562275, 0.000000, 108.582591, 33.322579, 141.905171
2.490000, 160.558529, 33.989195, 0.000000, 46.490701, -1.391432, 0.000000, -9.225950, -9.543831, 0.000000, 108.166069, 33.309411, 141.475480
2.500000, 161.022976, 33.974804, 0.000000, 46.398801, -1.486687, 0.000000, -9.190001, -9.525493, 0.000000, 107.752949, 33.295308, 141.048258
2.510000, 161.486507, 33.959462, 0.000000, 46.307258, -1.581760, 0.000000, -9.154303, -9.507261, 0.000000, 107.343206, 33.280273, 140.623479
2.520000, 161.949123, 33.943170, 0.000000, 46.216070, -1.676651, 0.000000, -9.118854, -9.489132, 0.000000, 106.936812, 33.264307, 140.201119
2.530000, 162.410830, 33.925930, 0.000000, 46.125233, -1.771362, 0.000000, -9.083653, -9.471105, 0.000000, 106.533742, 33.247411, 139.781154
2.540000, 162.871630, 33.907744, 0.000000, 46.034746, -1.865894, 0.000000, -9.048698, -9.453181, 0.000000, 106.133970, 33.229589, 139.363559
2.550000, 163.331526, 33.888613, 0.000000, 45.944606, -1.960248, 0.000000, -9.013986, -9.435357, 0.000000, 105.737471, 33.210841, 138.948311
2.560000, 163.790524, 33.868540, 0.000000, 45.854811, -2.054424, 0.000000, -8.979516, -9.417632, 0.000000, 105.344218, 33.191169, 138.535387
2.570000, 164.248624, 33.847525, 0.000000, 45.765358, -2.148424, 0.000000, -8.945285, -9.400006, 0.000000, 104.954187, 33.170575, 138.124762
2.580000, 164.705832, 33.825572, 0.000000, 45.676245, -2.242249, 0.000000, -8.911292, -9.382478, 0.000000, 104.567353, 33.149061, 137.716414
2.590000, 165.162151, 33.802681, 0.000000, 45.587470, -2.335899, 0.000000, -8.877535, -9.365046, 0.000000, 104.183692, 33.126628, 137.310320
2.600000, 165.617583, 33.778855, 0.000000, 45.499030, -2.429376, 0.000000, -8.844011, -9.347710, 0.000000, 103.803179, 33.103278, 136.906457
2.610000, 166.072133, 33.754095, 0.000000, 45.410923, -2.522681, 0.000000, -8.810720, -9.330469, 0.000000, 103.425791, 33.079013, 136.504803
2.620000, 166.525804, 33.728402, 0.000000, 45.323146, -2.615814, 0.000000, -8.777658, -9.313321, 0.000000, 103.051503, 33.053834, 136.105337
2.630000, 166.978598, 33.701779, 0.000000, 45.235698, -2.708777, 0.000000, -8.744825, -9.296265, 0.000000, 102.680291, 33.027744, 135.708035
2.640000, 167.430519, 33.674228, 0.000000, 45.148576, -2.801570, 0.000000, -8.712219, -9.279301, 0.000000, 102.312134, 33.000743, 135.312877
2.650000, 167.881571, 33.645749, 0.000000, 45.061777, -2.894194, 0.000000, -8.679837, -9.262428, 0.000000, 101.947006, 32.972834, 134.919840
2.660000, 168.331756, 33.616344, 0.000000, 44.975300, -2.986651, 0.000000, -8.647677, -9.245645, 0.000000, 101.584887, 32.944018, 134.528904
2.670000, 168.781079, 33.586017, 0.000000, 44.889143, -3.078940, 0.000000, -8.615739, -9.228950, 0.000000, 101.225752, 32.914296, 134.140048
2.680000, 169.229541, 33.554767, 0.000000, 44.803303, -3.171064, 0.000000, -8.584021, -9.212344, 0.000000, 100.869580, 32.883671, 133.753251
2.690000, 169.677146, 33.522596, 0.000000, 44.717778, -3.263022, 0.000000, -8.552519, -9.195824, 0.000000, 100.516348, 32.852144, 133.368492
2.700000, 170.123898, 33.489507, 0.000000, 44.632565, -3.354816, 0.000000, -8.521234, -9.179391, 0.000000, 100.166034, 32.819717, 132.985751
2.710000, 170.569799, 33.455501, 0.000000, 44.547664, -3.446446, 0.000000, -8.490163, -9.163042, 0.000000, 99.818617, 32.786391, 132.605007
2.720000, 171.014853, 33.420579, 0.000000, 44.463071, -3.537914, 0.000000, -8.459304, -9.146778, 0.000000, 99.474074, 32.752167, 132.226242
2.730000, 171.459062, 33.384743, 0.000000, 44.378784, -3.629220, 0.000000, -8.428656, -9.130598, 0.000000, 99.132386, 32.717048, 131.849434
2.740000, 171.902430, 33.347995, 0.000000, 44.294802, -3.720365, 0.000000, -8.398217, -9.114499, 0.000000, 98.793530, 32.681035, 131.474565
2.750000, 172.344960, 33.310337, 0.000000, 44.211122, -3.811350, 0.000000, -8.367986, -9.098483, 0.000000, 98.457485, 32.644130, 131.101615
2.760000, 172.786654, 33.271769, 0.000000, 44.127742, -3.902175, 0.000000, -8.337961, -9.082547, 0.000000, 98.124231, 32.606334, 130.730565
2.770000, 173.227516, 33.232294, 0.000000, 44.044661, -3.992842, 0.000000, -8.308139, -9.066691, 0.000000, 97.793748, 32.567648, 130.361396
2.780000, 173.667549, 33.191913, 0.000000, 43.961876, -4.083351, 0.000000, -8.278521, -9.050915, 0.000000, 97.466014, 32.528075, 129.994089
2.790000, 174.106755, 33.150628, 0.000000, 43.879385, -4.173703, 0.000000, -8.249103, -9.035216, 0.000000, 97.141011, 32.487615, 129.628626
2.800000, 174.545138, 33.108440, 0.000000, 43.797186, -4.263899, 0.000000, -8.219885, -9.019595, 0.000000, 96.818717, 32.446271, 129.264988
2.810000, 174.982700, 33.065350, 0.000000, 43.715277, -4.353940, 0.000000, -8.190866, -9.004051, 0.000000, 96.499113, 32.404043, 128.903157
2.820000, 175.419445, 33.021362, 0.000000, 43.633657, -4.443826, 0.000000, -8.162042, -8.988582, 0.000000, 96.182180, 32.360934, 128.543114
2.830000, 175.855375, 32.976475, 0.000000, 43.552323, -4.533558, 0.000000, -8.133413, -8.973189, 0.000000, 95.867898, 32.316945, 128.184843
2.840000, 176.290493, 32.930691, 0.000000, 43.471273, -4.623136, 0.000000, -8.104978, -8.957870, 0.000000, 95.556248, 32.272077, 127.828326
2.850000, 176.724801, 32.884013, 0.000000, 43.390506, -4.712563, 0.000000, -8.076735, -8.942624, 0.000000, 95.247211, 32.226332, 127.473544
2.860000, 177.158304, 32.836441, 0.000000, 43.310019, -4.801837, 0.000000, -8.048682, -8.927450, 0.000000, 94.940768, 32.179712, 127.120480
2.870000, 177.591003, 32.787977, 0.000000, 43.229811, -4.890960, 0.000000, -8.020818, -8.912349, 0.000000, 94.636901, 32.132217, 126.769118
2.880000, 178.022902, 32.738622, 0.000000, 43.149879, -4.979934, 0.000000, -7.993142, -8.897318, 0.000000, 94.335591, 32.083850, 126.419441
2.890000, 178.454002, 32.688379, 0.000000, 43.070223, -5.068757, 0.000000, -7.965651, -8.882358, 0.000000, 94.036819, 32.034611, 126.071430
2.900000, 178.884307, 32.637248, 0.000000, 42.990839, -5.157432, 0.000000, -7.938346, -8.867467, 0.000000, 93.740568, 31.984503, 125.725071
2.910000, 179.313820, 32.585231, 0.000000, 42.911727, -5.245958, 0.000000, -7.911223, -8.852645, 0.000000, 93.446820, 31.933526, 125.380346
2.920000, 179.742543, 32.532329, 0.000000, 42.832884, -5.334337, 0.000000, -7.884283, -8.837891, 0.000000, 93.155556, 31.881683, 125.037239
2.930000, 180.170479, 32.478545, 0.000000, 42.754309, -5.422569, 0.000000, -7.857522, -8.823205, 0.000000, 92.866760, 31.828974, 124.695734
2.940000, 180.597631, 32.423879, 0.000000, 42.676000, -5.510655, 0.000000, -7.830941, -8.808585, 0.000000, 92.580413, 31.775401, 124.355814
2.950000, 181.024001, 32.368333, 0.000000, 42.597954, -5.598595, 0.000000, -7.804538, -8.794030, 0.000000, 92.296499, 31.720966, 124.017464
2.960000, 181.449591, 32.311908, 0.000000, 42.520171, -5.686391, 0.000000, -7.778311, -8.779541, 0.000000, 92.014999, 31.665669, 123.680669
2.970000, 181.874405, 32.254605, 0.000000, 42.442648, -5.774042, 0.000000, -7.752258, -8.765117, 0.000000, 91.735899, 31.609513, 123.345412
2.980000, 182.298446, 32.196428, 0.000000, 42.365385, -5.861550, 0.000000, -7.726380, -8.750756, 0.000000, 91.459179, 31.552499, 123.011678
2.990000, 182.721714, 32.137375, 0.000000, 42.288378, -5.948914, 0.000000, -7.700674, -8.736458, 0.000000, 91.184824, 31.494628, 122.679452
3.000000, 183.144214, 32.077450, 0.000000, 42.211627, -6.036136, 0.000000, -7.675139, -8.722222, 0.000000, 90.912818, 31.435901, 122.348719
3.010000, 183.565948, 32.016653, 0.000000, 42.135129, -6.123217, 0.000000, -7.649773, -8.708048, 0.000000, 90.643143, 31.376320, 122.019463
3.020000, 183.986918, 31.954986, 0.000000, 42.058883, -6.210156, 0.000000, -7.624577, -8.693935, 0.000000, 90.375784, 31.315887, 121.691671
3.030000, 184.407127, 31.892451, 0.000000, 41.982888, -6.296955, 0.000000, -7.599547, -8.679882, 0.000000, 90.110725, 31.254602, 121.365326
3.040000, 184.826577, 31.829048, 0.000000, 41.907141, -6.383614, 0.000000, -7.574683, -8.665888, 0.000000, 89.847949, 31.192467, 121.040416
3.050000, 185.245271, 31.764779, 0.000000, 41.831641, -6.470133, 0.000000, -7.549984, -8.651954, 0.000000, 89.587440, 31.129484, 120.716924
3.060000, 185.663211, 31.699646, 0.000000, 41.756386, -6.556514, 0.000000, -7.525449, -8.638078, 0.000000, 89.329184, 31.065653, 120.394837
3.070000, 186.080400, 31.633650, 0.000000, 41.681376, -6.642757, 0.000000, -7.501075, -8.624259, 0.000000, 89.073165, 31.000977, 120.074141
3.080000, 186.496840, 31.566791, 0.000000, 41.606607, -6.728862, 0.000000, -7.476863, -8.610498, 0.000000, 88.819367, 30.935456, 119.754822
3.090000, 186.912533, 31.499073, 0.000000, 41.532079, -6.814830, 0.000000, -7.452810, -8.596792, 0.000000, 88.567774, 30.869092, 119.436866
3.100000, 187.327483, 31.430496, 0.000000, 41.457790, -6.900661, 0.000000, -7.428916, -8.583143, 0.000000, 88.318373, 30.801886, 119.120259
3.110000, 187.741690, 31.361060, 0.000000, 41.383738, -6.986357, 0.000000, -7.405180, -8.569548, 0.000000, 88.071147, 30.733839, 118.804987
3.120000, 188.155159, 31.290769, 0.000000, 41.309922, -7.071917, 0.000000, -7.381599, -8.556008, 0.000000, 87.826083, 30.664954, 118.491037
3.130000, 188.567890, 31.219623, 0.000000, 41.236340, -7.157342, 0.000000, -7.358174, -8.542521, 0.000000, 87.583165, 30.595230, 118.178395
3.140000, 188.979887, 31.147623, 0.000000, 41.162991, -7.242633, 0.000000, -7.334903, -8.529088, 0.000000, 87.342379, 30.524670, 117.867049
3.150000, 189.391151, 31.074771, 0.000000, 41.089873, -7.327790, 0.000000, -7.311784, -8.515707, 0.000000, 87.103710, 30.453275, 117.556985
3.160000, 189.801685, 31.001068, 0.000000, 41.016985, -7.412814, 0.000000, -7.288817, -8.502379, 0.000000, 86.867144, 30.381046, 117.248191
3.170000, 190.211492, 30.926515, 0.000000, 40.944325, -7.497705, 0.000000, -7.266001, -8.489101, 0.000000, 86.632667, 30.307985, 116.940652
3.180000, 190.620573, 30.851114, 0.000000, 40.871892, -7.582463, 0.000000, -7.243334, -8.475875, 0.000000, 86.400265, 30.234092, 116.634357
3.190000, 191.028931, 30.774867, 0.000000, 40.799684, -7.667090, 0.000000, -7.220815, -8.462698, 0.000000, 86.169923, 30.159369, 116.329293
3.200000, 191.436568, 30.697773, 0.000000, 40.727699, -7.751586, 0.000000, -7.198443, -8.449571, 0.000000, 85.941629, 30.083818, 116.025447
3.210000, 191.843486, 30.619836, 0.000000, 40.655937, -7.835951, 0.000000, -7.176218, -8.436493, 0.000000, 85.715368, 30.007439, 115.722806
3.220000, 192.249688, 30.541055, 0.000000, 40.584396, -7.920186, 0.000000, -7.154137, -8.423464, 0.000000, 85.491126, 29.930234, 115.421360
3.230000, 192.655175, 30.461432, 0.000000, 40.513074, -8.004291, 0.000000, -7.132200, -8.410483, 0.000000, 85.268891, 29.852204, 115.121094
3.240000, 193.059950, 30.380970, 0.000000, 40.441970, -8.088266, 0.000000, -7.110406, -8.397548, 0.000000, 85.048648, 29.773350, 114.821998
3.250000, 193.464015, 30.299668, 0.000000, 40.371082, -8.172113, 0.000000, -7.088754, -8.384661, 0.000000, 84.830385, 29.693674, 114.524059
3.260000, 193.867373, 30.217528, 0.000000, 40.300410, -8.255831, 0.000000, -7.067243, -8.371820, 0.000000, 84.614088, 29.613178, 114.227266
3.270000, 194.270025, 30.134552, 0.000000, 40.229951, -8.339421, 0.000000, -7.045872, -8.359024, 0.000000, 84.399745, 29.531861, 113.931606
3.280000, 194.671973, 30.050740, 0.000000, 40.159705, -8.422884, 0.000000, -7.024639, -8.346273, 0.000000, 84.187342, 29.449725, 113.637068
3.290000, 195.073220, 29.966095, 0.000000, 40.089669, -8.506219, 0.000000, -7.003544, -8.333567, 0.000000, 83.976867, 29.366773, 113.343640
3.300000, 195.473767, 29.880617, 0.000000, 40.019843, -8.589429, 0.000000, -6.982585, -8.320905, 0.000000, 83.768307, 29.283004, 113.051311
3.310000, 195.873618, 29.794307, 0.000000, 39.950226, -8.672511, 0.000000, -6.961762, -8.308287, 0.000000, 83.561649, 29.198421, 112.760070
3.320000, 196.272773, 29.707167, 0.000000, 39.880815, -8.755469, 0.000000, -6.941074, -8.295711, 0.000000, 83.356881, 29.113024, 112.469905
3.330000, 196.671235, 29.619198, 0.000000, 39.811610, -8.838300, 0.000000, -6.920519, -8.283178, 0.000000, 83.153991, 29.026814, 112.180805
3.340000, 197.069006, 29.530402, 0.000000, 39.742609, -8.921007, 0.000000, -6.900097, -8.270687, 0.000000, 82.952966, 28.939794, 111.892760
3.350000, 197.466088, 29.440779, 0.000000, 39.673811, -9.003590, 0.000000, -6.879807, -8.258238, 0.000000, 82.753794, 28.851963, 111.605757
3.360000, 197.862483, 29.350330, 0.000000, 39.605214, -9.086048, 0.000000, -6.859648, -8.245829, 0.000000, 82.556463, 28.763324, 111.319787
3.370000, 198.258194, 29.259058, 0.000000, 39.536818, -9.168382, 0.000000, -6.839618, -8.233460, 0.000000, 82.360961, 28.673877, 111.034838
3.380000, 198.653221, 29.166963, 0.000000, 39.468621, -9.250594, 0.000000, -6.819717, -8.221132, 0.000000, 82.167276, 28.583624, 110.750900
3.390000, 199.047567, 29.074047, 0.000000, 39.400621, -9.332682, 0.000000, -6.799944, -8.208843, 0.000000, 81.975396, 28.492566, 110.467962
3.400000, 199.441234, 28.980310, 0.000000, 39.332818, -9.414648, 0.000000, -6.780298, -8.196592, 0.000000, 81.785310, 28.400704, 110.186014
3.410000, 199.834224, 28.885755, 0.000000, 39.265211, -9.496492, 0.000000, -6.760778, -8.184380, 0.000000, 81.597006, 28.308040, 109.905046
3.420000, 200.226539, 28.790381, 0.000000, 39.197797, -9.578214, 0.000000, -6.741383, -8.172207, 0.000000, 81.410473, 28.214573, 109.625047
3.430000, 200.618181, 28.694191, 0.000000, 39.130576, -9.659815, 0.000000, -6.722112, -8.160070, 0.000000, 81.225699, 28.120307, 109.346006
3.440000, 201.009152, 28.597185, 0.000000, 39.063546, -9.741294, 0.000000, -6.702964, -8.147971, 0.000000, 81.042673, 28.025242, 109.067914
3.450000, 201.399453, 28.499366, 0.000000, 38.996707, -9.822653, 0.000000, -6.683939, -8.135908, 0.000000, 80.861383, 27.929378, 108.790761
3.460000, 201.789087, 28.400733, 0.000000, 38.930056, -9.903892, 0.000000, -6.665035, -8.123881, 0.000000, 80.681819, 27.832718, 108.514537
3.470000, 202.178055, 28.301288, 0.000000, 38.863594, -9.985011, 0.000000, -6.646252, -8.111890, 0.000000, 80.503969, 27.735263, 108.239231
3.480000, 202.566360, 28.201033, 0.000000, 38.797318, -10.066011, 0.000000, -6.627588, -8.099934, 0.000000, 80.327822, 27.637013, 107.964835
3.490000, 202.954002, 28.099969, 0.000000, 38.731228, -10.146891, 0.000000, -6.609044, -8.088012, 0.000000, 80.153369, 27.537969, 107.691338
3.500000, 203.340985, 27.998096, 0.000000, 38.665321, -10.227652, 0.000000, -6.590617, -8.076125, 0.000000, 79.980597, 27.438134, 107.418731
3.510000, 203.727310, 27.895416, 0.000000, 38.599598, -10.308295, 0.000000, -6.572307, -8.064272, 0.000000, 79.809496, 27.337508, 107.147004
3.520000, 204.112978, 27.791931, 0.000000, 38.534057, -10.388819, 0.000000, -6.554114, -8.052452, 0.000000, 79.640056, 27.236092, 106.876148
3.530000, 204.497992, 27.687641, 0.000000, 38.468697, -10.469226, 0.000000, -6.536036, -8.040665, 0.000000, 79.472266, 27.133888, 106.606154
3.540000, 204.882353, 27.582547, 0.000000, 38.403516, -10.549515, 0.000000, -6.518073, -8.028910, 0.000000, 79.306115, 27.030896, 106.337011
3.550000, 205.266063, 27.476651, 0.000000, 38.338514, -10.629687, 0.000000, -6.500223, -8.017187, 0.000000, 79.141594, 26.927118, 106.068712
3.560000, 205.649124, 27.369954, 0.000000, 38.273689, -10.709742, 0.000000, -6.482486, -8.005496, 0.000000, 78.978692, 26.822555, 105.801246
3.570000, 206.031538, 27.262457, 0.000000, 38.209040, -10.789680, 0.000000, -6.464861, -7.993836, 0.000000, 78.817398, 26.717207, 105.534605
3.580000, 206.413306, 27.154161, 0.000000, 38.144567, -10.869502, 0.000000, -6.447348, -7.982207, 0.000000, 78.657703, 26.611077, 105.268780
3.590000, 206.794430, 27.045067, 0.000000, 38.080267, -10.949208, 0.000000, -6.429945, -7.970609, 0.000000, 78.499596, 26.504166, 105.003762
3.600000, 207.174912, 26.935177, 0.000000, 38.016141, -11.028799, 0.000000, -6.412651, -7.959040, 0.000000, 78.343068, 26.396474, 104.739542
3.610000, 207.554754, 26.824492, 0.000000, 37.952186, -11.108274, 0.000000, -6.395467, -7.947501, 0.000000, 78.188109, 26.288002, 104.476111
3.620000, 207.933956, 26.713012, 0.000000, 37.888402, -11.187634, 0.000000, -6.378390, -7.935991, 0.000000, 78.034709, 26.178752, 104.213461
3.630000, 208.312522, 26.600740, 0.000000, 37.824788, -11.266879, 0.000000, -6.361421, -7.924509, 0.000000, 77.882858, 26.068725, 103.951582
3.640000, 208.690453, 26.487675, 0.000000, 37.761343, -11.346009, 0.000000, -6.344558, -7.913056, 0.000000, 77.732546, 25.957922, 103.690467
3.650000, 209.067750, 26.373820, 0.000000, 37.698065, -11.425026, 0.000000, -6.327801, -7.901631, 0.000000, 77.583764, 25.846344, 103.430108
3.660000, 209.444415, 26.259175, 0.000000, 37.634953, -11.503928, 0.000000, -6.311149, -7.890234, 0.000000, 77.436502, 25.733992, 103.170494
3.670000, 209.820450, 26.143742, 0.000000, 37.572007, -11.582716, 0.000000, -6.294600, -7.878864, 0.000000, 77.290752, 25.620867, 102.911619
3.680000, 210.195856, 26.027522, 0.000000, 37.509225, -11.661392, 0.000000, -6.278156, -7.867520, 0.000000, 77.146503, 25.506971, 102.653474
3.690000, 210.570635, 25.910515, 0.000000, 37.446607, -11.739954, 0.000000, -6.261814, -7.856203, 0.000000, 77.003746, 25.392304, 102.396050
3.700000, 210.944789, 25.792723, 0.000000, 37.384152, -11.818403, 0.000000, -6.245574, -7.844912, 0.000000, 76.862472, 25.276869, 102.139340
3.710000, 211.318319, 25.674147, 0.000000, 37.321857, -11.896739, 0.000000, -6.229435, -7.833647, 0.000000, 76.722672, 25.160664, 101.883336
3.720000, 211.691227, 25.554789, 0.000000, 37.259723, -11.974963, 0.000000, -6.213396, -7.822407, 0.000000, 76.584336, 25.043693, 101.628029
3.730000, 212.063514, 25.434649, 0.000000, 37.197749, -12.053075, 0.000000, -6.197457, -7.811192, 0.000000, 76.447457, 24.925956, 101.373412
3.740000, 212.435183, 25.313728, 0.000000, 37.135933, -12.131075, 0.000000, -6.181617, -7.800001, 0.000000, 76.312024, 24.807453, 101.119477
3.750000, 212.806234, 25.192028, 0.000000, 37.074274, -12.208964, 0.000000, -6.165875, -7.788835, 0.000000, 76.178029, 24.688187, 100.866216
3.760000, 213.176669, 25.069549, 0.000000, 37.012771, -12.286741, 0.000000, -6.150231, -7.777692, 0.000000, 76.045462, 24.568158, 100.613621
3.770000, 213.546490, 24.946293, 0.000000, 36.951425, -12.364406, 0.000000, -6.134684, -7.766574, 0.000000, 75.914316, 24.447368, 100.361684
3.780000, 213.915698, 24.822262, 0.000000, 36.890232, -12.441961, 0.000000, -6.119233, -7.755478, 0.000000, 75.784582, 24.325816, 100.110398
3.790000, 214.284295, 24.697455, 0.000000, 36.829194, -12.519405, 0.000000, -6.103877, -7.744405, 0.000000, 75.656250, 24.203506, 99.859756
3.800000, 214.652283, 24.571874, 0.000000, 36.768307, -12.596739, 0.000000, -6.088615, -7.733354, 0.000000, 75.529313, 24.080437, 99.609749
3.810000, 215.019662, 24.445520, 0.000000, 36.707573, -12.673962, 0.000000, -6.073448, -7.722326, 0.000000, 75.403761, 23.956610, 99.360371
3.820000, 215.386435, 24.318395, 0.000000, 36.646989, -12.751075, 0.000000, -6.058374, -7.711320, 0.000000, 75.279587, 23.832027, 99.111614
3.830000, 215.752603, 24.190500, 0.000000, 36.586555, -12.828078, 0.000000, -6.043393, -7.700335, 0.000000, 75.156781, 23.706690, 98.863471
3.840000, 216.118167, 24.061834, 0.000000, 36.526270, -12.904972, 0.000000, -6.028504, -7.689371, 0.000000, 75.035336, 23.580598, 98.615934
3.850000, 216.483129, 23.932401, 0.000000, 36.466133, -12.981756, 0.000000, -6.013706, -7.678428, 0.000000, 74.915243, 23.453753, 98.368996
3.860000, 216.847490, 23.802200, 0.000000, 36.406143, -13.058432, 0.000000, -5.998998, -7.667505, 0.000000, 74.796495, 23.326156, 98.122650
3.870000, 217.211253, 23.671233, 0.000000, 36.346299, -13.134998, 0.000000, -5.984381, -7.656603, 0.000000, 74.679082, 23.197808, 97.876890
3.880000, 217.574417, 23.539500, 0.000000, 36.286601, -13.211455, 0.000000, -5.969853, -7.645720, 0.000000, 74.562997, 23.068710, 97.631707
3.890000, 217.936985, 23.407004, 0.000000, 36.227047, -13.287803, 0.000000, -5.955413, -7.634857, 0.000000, 74.448232, 22.938864, 97.387095
3.900000, 218.298959, 23.273745, 0.000000, 36.167636, -13.364043, 0.000000, -5.941062, -7.624014, 0.000000, 74.334778, 22.808270, 97.143048
3.910000, 218.660339, 23.139724, 0.000000, 36.108368, -13.440175, 0.000000, -5.926797, -7.613189, 0.000000, 74.222628, 22.676929, 96.899557
3.920000, 219.021127, 23.004942, 0.000000, 36.049242, -13.516199, 0.000000, -5.912620, -7.602383, 0.000000, 74.111774, 22.544843, 96.656617
3.930000, 219.381324, 22.869400, 0.000000, 35.990257, -13.592115, 0.000000, -5.898528, -7.591595, 0.000000, 74.002208, 22.412012, 96.414221
3.940000, 219.740933, 22.733100, 0.000000, 35.931411, -13.667923, 0.000000, -5.884522, -7.580825, 0.000000, 73.893923, 22.278438, 96.172361
3.950000, 220.099953, 22.596042, 0.000000, 35.872705, -13.743624, 0.000000, -5.870601, -7.570073, 0.000000, 73.786910, 22.144121, 95.931031
3.960000, 220.458388, 22.458228, 0.000000, 35.814138, -13.819218, 0.000000, -5.856764, -7.559339, 0.000000, 73.681162, 22.009064, 95.690225
3.970000, 220.816237, 22.319658, 0.000000, 35.755708, -13.894704, 0.000000, -5.843010, -7.548621, 0.000000, 73.576671, 21.873265, 95.449936
3.980000, 221.173502, 22.180335, 0.000000, 35.697414, -13.970083, 0.000000, -5.829340, -7.537921, 0.000000, 73.473430, 21.736728, 95.210158
3.990000, 221.530186, 22.040257, 0.000000, 35.639257, -14.045355, 0.000000, -5.815752, -7.527237, 0.000000, 73.371431, 21.599452, 94.970884
4.000000, 221.886288, 21.899428, 0.000000, 35.581234, -14.120521, 0.000000, -5.802245, -7.516570, 0.000000, 73.270667, 21.461439, 94.732107
4.010000, 222.241811, 21.757847, 0.000000, 35.523346, -14.195580, 0.000000, -5.788820, -7.505918, 0.000000, 73.171131, 21.322691, 94.493821
4.020000, 222.596756, 21.615517, 0.000000, 35.465591, -14.270533, 0.000000, -5.775475, -7.495282, 0.000000, 73.072814, 21.183207, 94.256021
4.030000, 222.951124, 21.472437, 0.000000, 35.407969, -14.345380, 0.000000, -5.762210, -7.484662, 0.000000, 72.975710, 21.042989, 94.018699
4.040000, 223.304916, 21.328610, 0.000000, 35.350479, -14.420120, 0.000000, -5.749024, -7.474057, 0.000000, 72.879812, 20.902038, 93.781849
4.050000, 223.658134, 21.184035, 0.000000, 35.293120, -14.494755, 0.000000, -5.735917, -7.463467, 0.000000, 72.785111, 20.760355, 93.545466
4.060000, 224.010779, 21.038715, 0.000000, 35.235891, -14.569284, 0.000000, -5.722888, -7.452892, 0.000000, 72.691602, 20.617941, 93.309543
4.070000, 224.362852, 20.892650, 0.000000, 35.178792, -14.643707, 0.000000, -5.709937, -7.442331, 0.000000, 72.599277, 20.474797, 93.074074
4.080000, 224.714355, 20.745842, 0.000000, 35.121821, -14.718025, 0.000000, -5.697063, -7.431784, 0.000000, 72.508128, 20.330925, 92.839053
4.090000, 225.065289, 20.598290, 0.000000, 35.064978, -14.792237, 0.000000, -5.684265, -7.421251, 0.000000, 72.418150, 20.186325, 92.604474
4.100000, 225.415656, 20.449997, 0.000000, 35.008263, -14.866345, 0.000000, -5.671543, -7.410732, 0.000000, 72.329334, 20.040997, 92.370331
4.110000, 225.765455, 20.300964, 0.000000, 34.951674, -14.940347, 0.000000, -5.658896, -7.400226, 0.000000, 72.241674, 19.894945, 92.136619
4.120000, 226.114690, 20.151191, 0.000000, 34.895211, -15.014244, 0.000000, -5.646324, -7.389734, 0.000000, 72.155163, 19.748167, 91.903330
4.130000, 226.463360, 20.000680, 0.000000, 34.838872, -15.088037, 0.000000, -5.633826, -7.379254, 0.000000, 72.069795, 19.600666, 91.670461
4.140000, 226.811468, 19.849431, 0.000000, 34.782658, -15.161725, 0.000000, -5.621402, -7.368788, 0.000000, 71.985561, 19.452442, 91.438003
4.150000, 227.159014, 19.697446, 0.000000, 34.726568, -15.235308, 0.000000, -5.609051, -7.358333, 0.000000, 71.902457, 19.303497, 91.205953
4.160000, 227.506000, 19.544725, 0.000000, 34.670600, -15.308787, 0.000000, -5.596773, -7.347891, 0.000000, 71.820474, 19.153831, 90.974305
4.170000, 227.852426, 19.391270, 0.000000, 34.614755, -15.382162, 0.000000, -5.584566, -7.337461, 0.000000, 71.739606, 19.003445, 90.743051
4.180000, 228.198295, 19.237082, 0.000000, 34.559030, -15.455432, 0.000000, -5.572431, -7.327043, 0.000000, 71.659847, 18.852341, 90.512188
4.190000, 228.543608, 19.082162, 0.000000, 34.503427, -15.528598, 0.000000, -5.560366, -7.316636, 0.000000, 71.581191, 18.700519, 90.281710
4.200000, 228.888365, 18.926511, 0.000000, 34.447943, -15.601661, 0.000000, -5.548373, -7.306240, 0.000000, 71.503629, 18.547981, 90.051610
4.210000, 229.232567, 18.770130, 0.000000, 34.392578, -15.674619, 0.000000, -5.536448, -7.295856, 0.000000, 71.427157, 18.394727, 89.821884
4.220000, 229.576217, 18.613019, 0.000000, 34.337332, -15.747474, 0.000000, -5.524594, -7.285482, 0.000000, 71.351767, 18.240759, 89.592526
4.230000, 229.919314, 18.455181, 0.000000, 34.282204, -15.820225, 0.000000, -5.512808, -7.275120, 0.000000, 71.277453, 18.086077, 89.363530
4.240000, 230.261861, 18.296615, 0.000000, 34.227193, -15.892873, 0.000000, -5.501090, -7.264767, 0.000000, 71.204209, 17.930683, 89.134892
4.250000, 230.603859, 18.137324, 0.000000, 34.172299, -15.965417, 0.000000, -5.489440, -7.254425, 0.000000, 71.132029, 17.774577, 88.906606
4.260000, 230.945308, 17.977307, 0.000000, 34.117520, -16.037858, 0.000000, -5.477857, -7.244093, 0.000000, 71.060905, 17.617761, 88.678666
4.270000, 231.286210, 17.816567, 0.000000, 34.062857, -16.110196, 0.000000, -5.466341, -7.233771, 0.000000, 70.990832, 17.460236, 88.451068
4.280000, 231.626566, 17.655104, 0.000000, 34.008308, -16.182431, 0.000000, -5.454892, -7.223458, 0.000000, 70.921804, 17.302002, 88.223806
4.290000, 231.966377, 17.492919, 0.000000, 33.953873, -16.254562, 0.000000, -5.443508, -7.213155, 0.000000, 70.853814, 17.143061, 87.996875
4.300000, 232.305644, 17.330013, 0.000000, 33.899551, -16.326591, 0.000000, -5.432189, -7.202861, 0.000000, 70.786857, 16.983413, 87.770270
4.310000, 232.644368, 17.166388, 0.000000, 33.845342, -16.398516, 0.000000, -5.420935, -7.192576, 0.000000, 70.720925, 16.823060, 87.543985
4.320000, 232.982551, 17.002043, 0.000000, 33.791244, -16.470339, 0.000000, -5.409745, -7.182299, 0.000000, 70.656014, 16.662002, 87.318016
4.330000, 233.320194, 16.836981, 0.000000, 33.737258, -16.542060, 0.000000, -5.398619, -7.172032, 0.000000, 70.592116, 16.500242, 87.092358
4.340000, 233.657297, 16.671203, 0.000000, 33.683383, -16.613677, 0.000000, -5.387556, -7.161773, 0.000000, 70.529227, 16.337779, 86.867006
4.350000, 233.993862, 16.504708, 0.000000, 33.629617, -16.685193, 0.000000, -5.376556, -7.151522, 0.000000, 70.467340, 16.174614, 86.641954
4.360000, 234.329890, 16.337499, 0.000000, 33.575961, -16.756605, 0.000000, -5.365618, -7.141279, 0.000000, 70.406449, 16.010749, 86.417198
4.370000, 234.665382, 16.169577, 0.000000, 33.522413, -16.827916, 0.000000, -5.354743, -7.131044, 0.000000, 70.346548, 15.846185, 86.192733
4.380000, 235.000338, 16.000942, 0.000000, 33.468974, -16.899124, 0.000000, -5.343928, -7.120817, 0.000000, 70.287631, 15.680923, 85.968554
4.390000, 235.334762, 15.831595, 0.000000, 33.415642, -16.970230, 0.000000, -5.333174, -7.110597, 0.000000, 70.229693, 15.514963, 85.744656
4.400000, 235.668652, 15.661537, 0.000000, 33.362418, -17.041234, 0.000000, -5.322481, -7.100385, 0.000000, 70.172728, 15.348307, 85.521035
4.410000, 236.002010, 15.490771, 0.000000, 33.309299, -17.112136, 0.000000, -5.311848, -7.090180, 0.000000, 70.116730, 15.180955, 85.297685
4.420000, 236.334838, 15.319295, 0.000000, 33.256286, -17.182936, 0.000000, -5.301274, -7.079982, 0.000000, 70.061693, 15.012909, 85.074602
4.430000, 236.667137, 15.147112, 0.000000, 33.203379, -17.253633, 0.000000, -5.290759, -7.069790, 0.000000, 70.007611, 14.844170, 84.851782
4.440000, 236.998906, 14.974223, 0.000000, 33.150576, -17.324229, 0.000000, -5.280303, -7.059606, 0.000000, 69.954480, 14.674739, 84.629219
4.450000, 237.330149, 14.800628, 0.000000, 33.097877, -17.394724, 0.000000, -5.269905, -7.049428, 0.000000, 69.902293, 14.504616, 84.406909
4.460000, 237.660864, 14.626329, 0.000000, 33.045281, -17.465116, 0.000000, -5.259564, -7.039256, 0.000000, 69.851044, 14.333803, 84.184847
4.470000, 237.991055, 14.451326, 0.000000, 32.992788, -17.535407, 0.000000, -5.249281, -7.029090, 0.000000, 69.800729, 14.162300, 83.963029
4.480000, 238.320721, 14.275621, 0.000000, 32.940398, -17.605597, 0.000000, -5.239055, -7.018931, 0.000000, 69.751342, 13.990109, 83.741451
4.490000, 238.649863, 14.099215, 0.000000, 32.888109, -17.675684, 0.000000, -5.228884, -7.008777, 0.000000, 69.702876, 13.817231, 83.520107
4.500000, 238.978483, 13.922108, 0.000000, 32.835921, -17.745671, 0.000000, -5.218770, -6.998629, 0.000000, 69.655327, 13.643666, 83.298993
4.510000, 239.306582, 13.744302, 0.000000, 32.783834, -17.815555, 0.000000, -5.208711, -6.988487, 0.000000, 69.608690, 13.469416, 83.078106
4.520000, 239.634161, 13.565798, 0.000000, 32.731847, -17.885339, 0.000000, -5.198708, -6.978350, 0.000000, 69.562958, 13.294482, 82.857440
4.530000, 239.961220, 13.386596, 0.000000, 32.679959, -17.955021, 0.000000, -5.188759, -6.968219, 0.000000, 69.518127, 13.118864, 82.636990
4.540000, 240.287760, 13.206698, 0.000000, 32.628171, -18.024602, 0.000000, -5.178864, -6.958092, 0.000000, 69.474190, 12.942564, 82.416754
4.550000, 240.613784, 13.026104, 0.000000, 32.576481, -18.094082, 0.000000, -5.169022, -6.947971, 0.000000, 69.431144, 12.765582, 82.196726
4.560000, 240.939290, 12.844817, 0.000000, 32.524888, -18.163460, 0.000000, -5.159234, -6.937854, 0.000000, 69.388982, 12.587920, 81.976902
4.570000, 241.264282, 12.662836, 0.000000, 32.473393, -18.232738, 0.000000, -5.149499, -6.927742, 0.000000, 69.347700, 12.409579, 81.757278
4.580000, 241.588759, 12.480162, 0.000000, 32.421995, -18.301914, 0.000000, -5.139817, -6.917635, 0.000000, 69.307291, 12.230559, 81.537850
4.590000, 241.912722, 12.296798, 0.000000, 32.370693, -18.370989, 0.000000, -5.130186, -6.907532, 0.000000, 69.267751, 12.050862, 81.318613
4.600000, 242.236173, 12.112743, 0.000000, 32.319487, -18.439964, 0.000000, -5.120607, -6.897434, 0.000000, 69.229075, 11.870488, 81.099564
4.610000, 242.559112, 11.927999, 0.000000, 32.268376, -18.508837, 0.000000, -5.111080, -6.887339, 0.000000, 69.191258, 11.689439, 80.880697
4.620000, 242.881541, 11.742567, 0.000000, 32.217360, -18.577610, 0.000000, -5.101603, -6.877249, 0.000000, 69.154294, 11.507716, 80.662010
4.630000, 243.203460, 11.556447, 0.000000, 32.166438, -18.646281, 0.000000, -5.092177, -6.867163, 0.000000, 69.118179, 11.325318, 80.443497
4.640000, 243.524870, 11.369642, 0.000000, 32.115610, -18.714852, 0.000000, -5.082800, -6.857080, 0.000000, 69.082906, 11.142249, 80.225155
4.650000, 243.845773, 11.182151, 0.000000, 32.064876, -18.783322, 0.000000, -5.073474, -6.847001, 0.000000, 69.048472, 10.958508, 80.006980
4.660000, 244.166168, 10.993976, 0.000000, 32.014234, -18.851691, 0.000000, -5.064196, -6.836926, 0.000000, 69.014872, 10.774096, 79.788968
4.670000, 244.486058, 10.805118, 0.000000, 31.963684, -18.919960, 0.000000, -5.054968, -6.826854, 0.000000, 68.982099, 10.589015, 79.571114
4.680000, 244.805442, 10.615577, 0.000000, 31.913226, -18.988128, 0.000000, -5.045788, -6.816786, 0.000000, 68.950150, 10.403266, 79.353416
4.690000, 245.124323, 10.425356, 0.000000, 31.862860, -19.056195, 0.000000, -5.036656, -6.806720, 0.000000, 68.919020, 10.216848, 79.135868
4.700000, 245.442700, 10.234454, 0.000000, 31.812584, -19.124162, 0.000000, -5.027571, -6.796658, 0.000000, 68.888703, 10.029765, 78.918467
4.710000, 245.760575, 10.042873, 0.000000, 31.762399, -19.192028, 0.000000, -5.018534, -6.786599, 0.000000, 68.859194, 9.842015, 78.701210
4.720000, 246.077949, 9.850614, 0.000000, 31.712303, -19.259793, 0.000000, -5.009544, -6.776543, 0.000000, 68.830490, 9.653601, 78.484091
4.730000, 246.394822, 9.657677, 0.000000, 31.662297, -19.327458, 0.000000, -5.000600, -6.766490, 0.000000, 68.802584, 9.464524, 78.267108
4.740000, 246.711195, 9.464065, 0.000000, 31.612380, -19.395022, 0.000000, -4.991703, -6.756439, 0.000000, 68.775473, 9.274784, 78.050257
4.750000, 247.027070, 9.269777, 0.000000, 31.562552, -19.462486, 0.000000, -4.982851, -6.746391, 0.000000, 68.749152, 9.084382, 77.833534
4.760000, 247.342446, 9.074816, 0.000000, 31.512811, -19.529850, 0.000000, -4.974045, -6.736345, 0.000000, 68.723615, 8.893319, 77.616934
4.770000, 247.657326, 8.879181, 0.000000, 31.463158, -19.597113, 0.000000, -4.965284, -6.726302, 0.000000, 68.698858, 8.701597, 77.400455
4.780000, 247.971710, 8.682874, 0.000000, 31.413593, -19.664275, 0.000000, -4.956567, -6.716261, 0.000000, 68.674876, 8.509217, 77.184093
4.790000, 248.285599, 8.485896, 0.000000, 31.364114, -19.731337, 0.000000, -4.947895, -6.706222, 0.000000, 68.651665, 8.316178, 76.967843
4.800000, 248.598993, 8.288248, 0.000000, 31.314721, -19.798299, 0.000000, -4.939267, -6.696185, 0.000000, 68.629220, 8.122483, 76.751703
4.810000, 248.911893, 8.089931, 0.000000, 31.265414, -19.865161, 0.000000, -4.930682, -6.686150, 0.000000, 68.607537, 7.928132, 76.535669
4.820000, 249.224301, 7.890945, 0.000000, 31.216193, -19.931922, 0.000000, -4.922141, -6.676118, 0.000000, 68.586610, 7.733126, 76.319737
4.830000, 249.536218, 7.691293, 0.000000, 31.167056, -19.998583, 0.000000, -4.913642, -6.666087, 0.000000, 68.566436, 7.537467, 76.103903
4.840000, 249.847643, 7.490974, 0.000000, 31.118005, -20.065143, 0.000000, -4.905186, -6.656057, 0.000000, 68.547009, 7.341154, 75.888164
4.850000, 250.158578, 7.289990, 0.000000, 31.069037, -20.131604, 0.000000, -4.896772, -6.646030, 0.000000, 68.528326, 7.144190, 75.672516
4.860000, 250.469024, 7.088342, 0.000000, 31.020153, -20.197964, 0.000000, -4.888400, -6.636004, 0.000000, 68.510381, 6.946576, 75.456957
4.870000, 250.778982, 6.886031, 0.000000, 30.971352, -20.264224, 0.000000, -4.880070, -6.625979, 0.000000, 68.493170, 6.748311, 75.241481
4.880000, 251.088452, 6.683058, 0.000000, 30.922634, -20.330383, 0.000000, -4.871781, -6.615956, 0.000000, 68.476689, 6.549397, 75.026087
4.890000, 251.397435, 6.479424, 0.000000, 30.873999, -20.396442, 0.000000, -4.863532, -6.605935, 0.000000, 68.460934, 6.349836, 74.810770
4.900000, 251.705932, 6.275130, 0.000000, 30.825446, -20.462402, 0.000000, -4.855324, -6.595914, 0.000000, 68.445899, 6.149627, 74.595527
4.910000, 252.013944, 6.070177, 0.000000, 30.776974, -20.528261, 0.000000, -4.847156, -6.585895, 0.000000, 68.431581, 5.948773, 74.380354
4.920000, 252.321472, 5.864565, 0.000000, 30.728584, -20.594019, 0.000000, -4.839028, -6.575877, 0.000000, 68.417975, 5.747274, 74.165249
4.930000, 252.628516, 5.658297, 0.000000, 30.680275, -20.659678, 0.000000, -4.830939, -6.565860, 0.000000, 68.405077, 5.545131, 73.950208
4.940000, 252.935078, 5.451372, 0.000000, 30.632046, -20.725236, 0.000000, -4.822890, -6.555844, 0.000000, 68.392882, 5.342345, 73.735227
4.950000, 253.241157, 5.243793, 0.000000, 30.583897, -20.790695, 0.000000, -4.814879, -6.545828, 0.000000, 68.381386, 5.138917, 73.520303
4.960000, 253.546756, 5.035559, 0.000000, 30.535828, -20.856053, 0.000000, -4.806907, -6.535814, 0.000000, 68.370586, 4.934848, 73.305433
4.970000, 253.851874, 4.826672, 0.000000, 30.487838, -20.921311, 0.000000, -4.798973, -6.525800, 0.000000, 68.360476, 4.730139, 73.090614
4.980000, 254.156513, 4.617133, 0.000000, 30.439927, -20.986469, 0.000000, -4.791076, -6.515788, 0.000000, 68.351052, 4.524791, 72.875842
4.990000, 254.460673, 4.406943, 0.000000, 30.392095, -21.051526, 0.000000, -4.783218, -6.505775, 0.000000, 68.342310, 4.318804, 72.661115
5.000000, 254.764356, 4.196103, 0.000000, 30.344341, -21.116484, 0.000000, -4.775396, -6.495764, 0.000000, 68.334247, 4.112181, 72.446428
5.010000, 255.067561, 3.984614, 0.000000, 30.296665, -21.181342, 0.000000, -4.767611, -6.485753, 0.000000, 68.326857, 3.904922, 72.231779
5.020000, 255.370289, 3.772477, 0.000000, 30.249066, -21.246099, 0.000000, -4.759863, -6.475742, 0.000000, 68.320137, 3.697027, 72.017164
5.030000, 255.672542, 3.559693, 0.000000, 30.201545, -21.310756, 0.000000, -4.752151, -6.465732, 0.000000, 68.314082, 3.488499, 71.802581
5.040000, 255.974321, 3.346262, 0.000000, 30.154100, -21.375314, 0.000000, -4.744475, -6.455722, 0.000000, 68.308689, 3.279337, 71.588026
5.050000, 256.275625, 3.132187, 0.000000, 30.106732, -21.439771, 0.000000, -4.736835, -6.445713, 0.000000, 68.303953, 3.069543, 71.373496
5.060000, 256.576456, 2.917467, 0.000000, 30.059439, -21.504128, 0.000000, -4.729230, -6.435704, 0.000000, 68.299870, 2.859118, 71.158988
5.070000, 256.876814, 2.702105, 0.000000, 30.012223, -21.568385, 0.000000, -4.721660, -6.425695, 0.000000, 68.296437, 2.648063, 70.944499
5.080000, 257.176700, 2.486100, 0.000000, 29.965082, -21.632541, 0.000000, -4.714125, -6.415686, 0.000000, 68.293648, 2.436378, 70.730026
5.090000, 257.476116, 2.269454, 0.000000, 29.918015, -21.696598, 0.000000, -4.706624, -6.405678, 0.000000, 68.291501, 2.224065, 70.515566
5.100000, 257.775061, 2.052169, 0.000000, 29.871024, -21.760555, 0.000000, -4.699158, -6.395669, 0.000000, 68.289991, 2.011125, 70.301116
5.110000, 258.073537, 1.834244, 0.000000, 29.824107, -21.824412, 0.000000, -4.691725, -6.385661, 0.000000, 68.289114, 1.797559, 70.086672
5.120000, 258.371544, 1.615681, 0.000000, 29.777263, -21.888168, 0.000000, -4.684326, -6.375652, 0.000000, 68.288866, 1.583367, 69.872233
5.130000, 258.669082, 1.396481, 0.000000, 29.730494, -21.951825, 0.000000, -4.676960, -6.365644, 0.000000, 68.289243, 1.368551, 69.657794
5.140000, 258.966154, 1.176645, 0.000000, 29.683797, -22.015381, 0.000000, -4.669627, -6.355635, 0.000000, 68.290241, 1.153112, 69.443353
5.150000, 259.262759, 0.956174, 0.000000, 29.637174, -22.078837, 0.000000, -4.662327, -6.345627, 0.000000, 68.291857, 0.937050, 69.228907
5.160000, 259.558898, 0.735069, 0.000000, 29.590624, -22.142193, 0.000000, -4.655059, -6.335618, 0.000000, 68.294086, 0.720367, 69.014454
5.170000, 259.854571, 0.513330, 0.000000, 29.544145, -22.205449, 0.000000, -4.647823, -6.325609, 0.000000, 68.296925, 0.503064, 68.799989
5.180000, 260.149781, 0.290960, 0.000000, 29.497739, -22.268605, 0.000000, -4.640619, -6.315600, 0.000000, 68.300370, 0.285141, 68.585511
5.190000, 260.444527, 0.067959, 0.000000, 29.451405, -22.331661, 0.000000, -4.633447, -6.305590, 0.000000, 68.304417, 0.066600, 68.371016
5.200000, 260.738809, -0.155673, 0.000000, 29.405142, -22.394617, 0.000000, -4.626306, -6.295580, 0.000000, 68.309061, -0.152559, 68.156502
--Final Report--
Max Height: 34.0897(m)
Distance Traveled: 260.7388(m)
Impact Velociy: -22.3946(m/s)
Flight Time: 5.2000(s)
